-- 0002_seed_reference.sql — GENERATED by supabase/seed/build-seed.mjs. Do not edit by hand.
-- Deterministic RWS-78 reference data + built-in deck/set/spreads/principles.
-- Idempotent (ON CONFLICT upserts). Apply only with Rory's go-ahead (shared cloud DB).

begin;

-- ---- cards ----
insert into tarot_cards (id, name, arcana, suit, number, court, element, sort_order) values
  ('major_00_fool', 'The Fool', 'major', null, 0, null, null, 0),
  ('major_01_magician', 'The Magician', 'major', null, 1, null, null, 1),
  ('major_02_high_priestess', 'The High Priestess', 'major', null, 2, null, null, 2),
  ('major_03_empress', 'The Empress', 'major', null, 3, null, null, 3),
  ('major_04_emperor', 'The Emperor', 'major', null, 4, null, null, 4),
  ('major_05_hierophant', 'The Hierophant', 'major', null, 5, null, null, 5),
  ('major_06_lovers', 'The Lovers', 'major', null, 6, null, null, 6),
  ('major_07_chariot', 'The Chariot', 'major', null, 7, null, null, 7),
  ('major_08_strength', 'Strength', 'major', null, 8, null, null, 8),
  ('major_09_hermit', 'The Hermit', 'major', null, 9, null, null, 9),
  ('major_10_wheel_of_fortune', 'Wheel of Fortune', 'major', null, 10, null, null, 10),
  ('major_11_justice', 'Justice', 'major', null, 11, null, null, 11),
  ('major_12_hanged_man', 'The Hanged Man', 'major', null, 12, null, null, 12),
  ('major_13_death', 'Death', 'major', null, 13, null, null, 13),
  ('major_14_temperance', 'Temperance', 'major', null, 14, null, null, 14),
  ('major_15_devil', 'The Devil', 'major', null, 15, null, null, 15),
  ('major_16_tower', 'The Tower', 'major', null, 16, null, null, 16),
  ('major_17_star', 'The Star', 'major', null, 17, null, null, 17),
  ('major_18_moon', 'The Moon', 'major', null, 18, null, null, 18),
  ('major_19_sun', 'The Sun', 'major', null, 19, null, null, 19),
  ('major_20_judgement', 'Judgement', 'major', null, 20, null, null, 20),
  ('major_21_world', 'The World', 'major', null, 21, null, null, 21),
  ('wands_01', 'Ace of Wands', 'minor', 'wands', 1, null, 'fire', 22),
  ('wands_02', 'Two of Wands', 'minor', 'wands', 2, null, 'fire', 23),
  ('wands_03', 'Three of Wands', 'minor', 'wands', 3, null, 'fire', 24),
  ('wands_04', 'Four of Wands', 'minor', 'wands', 4, null, 'fire', 25),
  ('wands_05', 'Five of Wands', 'minor', 'wands', 5, null, 'fire', 26),
  ('wands_06', 'Six of Wands', 'minor', 'wands', 6, null, 'fire', 27),
  ('wands_07', 'Seven of Wands', 'minor', 'wands', 7, null, 'fire', 28),
  ('wands_08', 'Eight of Wands', 'minor', 'wands', 8, null, 'fire', 29),
  ('wands_09', 'Nine of Wands', 'minor', 'wands', 9, null, 'fire', 30),
  ('wands_10', 'Ten of Wands', 'minor', 'wands', 10, null, 'fire', 31),
  ('wands_page', 'Page of Wands', 'minor', 'wands', null, 'page', 'fire', 32),
  ('wands_knight', 'Knight of Wands', 'minor', 'wands', null, 'knight', 'fire', 33),
  ('wands_queen', 'Queen of Wands', 'minor', 'wands', null, 'queen', 'fire', 34),
  ('wands_king', 'King of Wands', 'minor', 'wands', null, 'king', 'fire', 35),
  ('cups_01', 'Ace of Cups', 'minor', 'cups', 1, null, 'water', 36),
  ('cups_02', 'Two of Cups', 'minor', 'cups', 2, null, 'water', 37),
  ('cups_03', 'Three of Cups', 'minor', 'cups', 3, null, 'water', 38),
  ('cups_04', 'Four of Cups', 'minor', 'cups', 4, null, 'water', 39),
  ('cups_05', 'Five of Cups', 'minor', 'cups', 5, null, 'water', 40),
  ('cups_06', 'Six of Cups', 'minor', 'cups', 6, null, 'water', 41),
  ('cups_07', 'Seven of Cups', 'minor', 'cups', 7, null, 'water', 42),
  ('cups_08', 'Eight of Cups', 'minor', 'cups', 8, null, 'water', 43),
  ('cups_09', 'Nine of Cups', 'minor', 'cups', 9, null, 'water', 44),
  ('cups_10', 'Ten of Cups', 'minor', 'cups', 10, null, 'water', 45),
  ('cups_page', 'Page of Cups', 'minor', 'cups', null, 'page', 'water', 46),
  ('cups_knight', 'Knight of Cups', 'minor', 'cups', null, 'knight', 'water', 47),
  ('cups_queen', 'Queen of Cups', 'minor', 'cups', null, 'queen', 'water', 48),
  ('cups_king', 'King of Cups', 'minor', 'cups', null, 'king', 'water', 49),
  ('swords_01', 'Ace of Swords', 'minor', 'swords', 1, null, 'air', 50),
  ('swords_02', 'Two of Swords', 'minor', 'swords', 2, null, 'air', 51),
  ('swords_03', 'Three of Swords', 'minor', 'swords', 3, null, 'air', 52),
  ('swords_04', 'Four of Swords', 'minor', 'swords', 4, null, 'air', 53),
  ('swords_05', 'Five of Swords', 'minor', 'swords', 5, null, 'air', 54),
  ('swords_06', 'Six of Swords', 'minor', 'swords', 6, null, 'air', 55),
  ('swords_07', 'Seven of Swords', 'minor', 'swords', 7, null, 'air', 56),
  ('swords_08', 'Eight of Swords', 'minor', 'swords', 8, null, 'air', 57),
  ('swords_09', 'Nine of Swords', 'minor', 'swords', 9, null, 'air', 58),
  ('swords_10', 'Ten of Swords', 'minor', 'swords', 10, null, 'air', 59),
  ('swords_page', 'Page of Swords', 'minor', 'swords', null, 'page', 'air', 60),
  ('swords_knight', 'Knight of Swords', 'minor', 'swords', null, 'knight', 'air', 61),
  ('swords_queen', 'Queen of Swords', 'minor', 'swords', null, 'queen', 'air', 62),
  ('swords_king', 'King of Swords', 'minor', 'swords', null, 'king', 'air', 63),
  ('pentacles_01', 'Ace of Pentacles', 'minor', 'pentacles', 1, null, 'earth', 64),
  ('pentacles_02', 'Two of Pentacles', 'minor', 'pentacles', 2, null, 'earth', 65),
  ('pentacles_03', 'Three of Pentacles', 'minor', 'pentacles', 3, null, 'earth', 66),
  ('pentacles_04', 'Four of Pentacles', 'minor', 'pentacles', 4, null, 'earth', 67),
  ('pentacles_05', 'Five of Pentacles', 'minor', 'pentacles', 5, null, 'earth', 68),
  ('pentacles_06', 'Six of Pentacles', 'minor', 'pentacles', 6, null, 'earth', 69),
  ('pentacles_07', 'Seven of Pentacles', 'minor', 'pentacles', 7, null, 'earth', 70),
  ('pentacles_08', 'Eight of Pentacles', 'minor', 'pentacles', 8, null, 'earth', 71),
  ('pentacles_09', 'Nine of Pentacles', 'minor', 'pentacles', 9, null, 'earth', 72),
  ('pentacles_10', 'Ten of Pentacles', 'minor', 'pentacles', 10, null, 'earth', 73),
  ('pentacles_page', 'Page of Pentacles', 'minor', 'pentacles', null, 'page', 'earth', 74),
  ('pentacles_knight', 'Knight of Pentacles', 'minor', 'pentacles', null, 'knight', 'earth', 75),
  ('pentacles_queen', 'Queen of Pentacles', 'minor', 'pentacles', null, 'queen', 'earth', 76),
  ('pentacles_king', 'King of Pentacles', 'minor', 'pentacles', null, 'king', 'earth', 77)
on conflict (id) do update set
  name = excluded.name, arcana = excluded.arcana, suit = excluded.suit,
  number = excluded.number, court = excluded.court, element = excluded.element,
  sort_order = excluded.sort_order;

-- ---- built-in interpretation set (row only; meanings are generated separately) ----
insert into tarot_interpretation_sets (id, name, author, description, owner_id, is_public, is_builtin)
values ('22222222-2222-4222-8222-222222222222', 'Original (RWS-based)', 'App (public-domain)',
  'A neutral, public-domain-safe interpretation set based on the Rider-Waite-Smith tradition.',
  null, true, true)
on conflict (id) do update set
  name = excluded.name, author = excluded.author, description = excluded.description,
  is_public = excluded.is_public, is_builtin = excluded.is_builtin;

-- ---- built-in RWS deck + card image mappings ----
insert into tarot_decks (id, name, description, owner_id, is_public, is_builtin)
values ('11111111-1111-4111-8111-111111111111', 'Rider-Waite-Smith (1909)',
  'Pamela Colman Smith / A. E. Waite, 1909 — public domain in the US.', null, true, true)
on conflict (id) do update set
  name = excluded.name, description = excluded.description,
  is_public = excluded.is_public, is_builtin = excluded.is_builtin;

insert into tarot_card_images (deck_id, card_id, image_path) values
  ('11111111-1111-4111-8111-111111111111', 'major_00_fool', 'rws/00-TheFool.png'),
  ('11111111-1111-4111-8111-111111111111', 'major_01_magician', 'rws/01-TheMagician.png'),
  ('11111111-1111-4111-8111-111111111111', 'major_02_high_priestess', 'rws/02-TheHighPriestess.png'),
  ('11111111-1111-4111-8111-111111111111', 'major_03_empress', 'rws/03-TheEmpress.png'),
  ('11111111-1111-4111-8111-111111111111', 'major_04_emperor', 'rws/04-TheEmperor.png'),
  ('11111111-1111-4111-8111-111111111111', 'major_05_hierophant', 'rws/05-TheHierophant.png'),
  ('11111111-1111-4111-8111-111111111111', 'major_06_lovers', 'rws/06-TheLovers.png'),
  ('11111111-1111-4111-8111-111111111111', 'major_07_chariot', 'rws/07-TheChariot.png'),
  ('11111111-1111-4111-8111-111111111111', 'major_08_strength', 'rws/08-Strength.png'),
  ('11111111-1111-4111-8111-111111111111', 'major_09_hermit', 'rws/09-TheHermit.png'),
  ('11111111-1111-4111-8111-111111111111', 'major_10_wheel_of_fortune', 'rws/10-WheelOfFortune.png'),
  ('11111111-1111-4111-8111-111111111111', 'major_11_justice', 'rws/11-Justice.png'),
  ('11111111-1111-4111-8111-111111111111', 'major_12_hanged_man', 'rws/12-TheHangedMan.png'),
  ('11111111-1111-4111-8111-111111111111', 'major_13_death', 'rws/13-Death.png'),
  ('11111111-1111-4111-8111-111111111111', 'major_14_temperance', 'rws/14-Temperance.png'),
  ('11111111-1111-4111-8111-111111111111', 'major_15_devil', 'rws/15-TheDevil.png'),
  ('11111111-1111-4111-8111-111111111111', 'major_16_tower', 'rws/16-TheTower.png'),
  ('11111111-1111-4111-8111-111111111111', 'major_17_star', 'rws/17-TheStar.png'),
  ('11111111-1111-4111-8111-111111111111', 'major_18_moon', 'rws/18-TheMoon.png'),
  ('11111111-1111-4111-8111-111111111111', 'major_19_sun', 'rws/19-TheSun.png'),
  ('11111111-1111-4111-8111-111111111111', 'major_20_judgement', 'rws/20-Judgement.png'),
  ('11111111-1111-4111-8111-111111111111', 'major_21_world', 'rws/21-TheWorld.png'),
  ('11111111-1111-4111-8111-111111111111', 'wands_01', 'rws/Wands01.png'),
  ('11111111-1111-4111-8111-111111111111', 'wands_02', 'rws/Wands02.png'),
  ('11111111-1111-4111-8111-111111111111', 'wands_03', 'rws/Wands03.png'),
  ('11111111-1111-4111-8111-111111111111', 'wands_04', 'rws/Wands04.png'),
  ('11111111-1111-4111-8111-111111111111', 'wands_05', 'rws/Wands05.png'),
  ('11111111-1111-4111-8111-111111111111', 'wands_06', 'rws/Wands06.png'),
  ('11111111-1111-4111-8111-111111111111', 'wands_07', 'rws/Wands07.png'),
  ('11111111-1111-4111-8111-111111111111', 'wands_08', 'rws/Wands08.png'),
  ('11111111-1111-4111-8111-111111111111', 'wands_09', 'rws/Wands09.png'),
  ('11111111-1111-4111-8111-111111111111', 'wands_10', 'rws/Wands10.png'),
  ('11111111-1111-4111-8111-111111111111', 'wands_page', 'rws/Wands11.png'),
  ('11111111-1111-4111-8111-111111111111', 'wands_knight', 'rws/Wands12.png'),
  ('11111111-1111-4111-8111-111111111111', 'wands_queen', 'rws/Wands13.png'),
  ('11111111-1111-4111-8111-111111111111', 'wands_king', 'rws/Wands14.png'),
  ('11111111-1111-4111-8111-111111111111', 'cups_01', 'rws/Cups01.png'),
  ('11111111-1111-4111-8111-111111111111', 'cups_02', 'rws/Cups02.png'),
  ('11111111-1111-4111-8111-111111111111', 'cups_03', 'rws/Cups03.png'),
  ('11111111-1111-4111-8111-111111111111', 'cups_04', 'rws/Cups04.png'),
  ('11111111-1111-4111-8111-111111111111', 'cups_05', 'rws/Cups05.png'),
  ('11111111-1111-4111-8111-111111111111', 'cups_06', 'rws/Cups06.png'),
  ('11111111-1111-4111-8111-111111111111', 'cups_07', 'rws/Cups07.png'),
  ('11111111-1111-4111-8111-111111111111', 'cups_08', 'rws/Cups08.png'),
  ('11111111-1111-4111-8111-111111111111', 'cups_09', 'rws/Cups09.png'),
  ('11111111-1111-4111-8111-111111111111', 'cups_10', 'rws/Cups10.png'),
  ('11111111-1111-4111-8111-111111111111', 'cups_page', 'rws/Cups11.png'),
  ('11111111-1111-4111-8111-111111111111', 'cups_knight', 'rws/Cups12.png'),
  ('11111111-1111-4111-8111-111111111111', 'cups_queen', 'rws/Cups13.png'),
  ('11111111-1111-4111-8111-111111111111', 'cups_king', 'rws/Cups14.png'),
  ('11111111-1111-4111-8111-111111111111', 'swords_01', 'rws/Swords01.png'),
  ('11111111-1111-4111-8111-111111111111', 'swords_02', 'rws/Swords02.png'),
  ('11111111-1111-4111-8111-111111111111', 'swords_03', 'rws/Swords03.png'),
  ('11111111-1111-4111-8111-111111111111', 'swords_04', 'rws/Swords04.png'),
  ('11111111-1111-4111-8111-111111111111', 'swords_05', 'rws/Swords05.png'),
  ('11111111-1111-4111-8111-111111111111', 'swords_06', 'rws/Swords06.png'),
  ('11111111-1111-4111-8111-111111111111', 'swords_07', 'rws/Swords07.png'),
  ('11111111-1111-4111-8111-111111111111', 'swords_08', 'rws/Swords08.png'),
  ('11111111-1111-4111-8111-111111111111', 'swords_09', 'rws/Swords09.png'),
  ('11111111-1111-4111-8111-111111111111', 'swords_10', 'rws/Swords10.png'),
  ('11111111-1111-4111-8111-111111111111', 'swords_page', 'rws/Swords11.png'),
  ('11111111-1111-4111-8111-111111111111', 'swords_knight', 'rws/Swords12.png'),
  ('11111111-1111-4111-8111-111111111111', 'swords_queen', 'rws/Swords13.png'),
  ('11111111-1111-4111-8111-111111111111', 'swords_king', 'rws/Swords14.png'),
  ('11111111-1111-4111-8111-111111111111', 'pentacles_01', 'rws/Pentacles01.png'),
  ('11111111-1111-4111-8111-111111111111', 'pentacles_02', 'rws/Pentacles02.png'),
  ('11111111-1111-4111-8111-111111111111', 'pentacles_03', 'rws/Pentacles03.png'),
  ('11111111-1111-4111-8111-111111111111', 'pentacles_04', 'rws/Pentacles04.png'),
  ('11111111-1111-4111-8111-111111111111', 'pentacles_05', 'rws/Pentacles05.png'),
  ('11111111-1111-4111-8111-111111111111', 'pentacles_06', 'rws/Pentacles06.png'),
  ('11111111-1111-4111-8111-111111111111', 'pentacles_07', 'rws/Pentacles07.png'),
  ('11111111-1111-4111-8111-111111111111', 'pentacles_08', 'rws/Pentacles08.png'),
  ('11111111-1111-4111-8111-111111111111', 'pentacles_09', 'rws/Pentacles09.png'),
  ('11111111-1111-4111-8111-111111111111', 'pentacles_10', 'rws/Pentacles10.png'),
  ('11111111-1111-4111-8111-111111111111', 'pentacles_page', 'rws/Pentacles11.png'),
  ('11111111-1111-4111-8111-111111111111', 'pentacles_knight', 'rws/Pentacles12.png'),
  ('11111111-1111-4111-8111-111111111111', 'pentacles_queen', 'rws/Pentacles13.png'),
  ('11111111-1111-4111-8111-111111111111', 'pentacles_king', 'rws/Pentacles14.png')
on conflict (deck_id, card_id) do update set image_path = excluded.image_path;

-- ---- spread: Three-Card ----
insert into tarot_spreads (id, name, description, owner_id, is_public, is_builtin)
values ('33333333-3333-4333-8333-333333333333', 'Three-Card', 'Past / Present / Future — a quick, focused read.', null, true, true)
on conflict (id) do update set
  name = excluded.name, description = excluded.description,
  is_public = excluded.is_public, is_builtin = excluded.is_builtin;

insert into tarot_spread_positions
  (spread_id, position_index, label, meaning, reading_order, x, y, rotation_deg, z_index, card_count) values
  ('33333333-3333-4333-8333-333333333333', 1, 'Past', 'What has led here.', 1, 0.2, 0.5, 0, 0, 1),
  ('33333333-3333-4333-8333-333333333333', 2, 'Present', 'Where things stand now.', 2, 0.5, 0.5, 0, 0, 1),
  ('33333333-3333-4333-8333-333333333333', 3, 'Future', 'Where the current path tends.', 3, 0.8, 0.5, 0, 0, 1)
on conflict (spread_id, position_index) do update set
  label = excluded.label, meaning = excluded.meaning, reading_order = excluded.reading_order,
  x = excluded.x, y = excluded.y, rotation_deg = excluded.rotation_deg,
  z_index = excluded.z_index, card_count = excluded.card_count;

-- ---- spread: Celtic Cross ----
insert into tarot_spreads (id, name, description, owner_id, is_public, is_builtin)
values ('44444444-4444-4444-8444-444444444444', 'Celtic Cross', 'The classic ten-card Celtic Cross.', null, true, true)
on conflict (id) do update set
  name = excluded.name, description = excluded.description,
  is_public = excluded.is_public, is_builtin = excluded.is_builtin;

insert into tarot_spread_positions
  (spread_id, position_index, label, meaning, reading_order, x, y, rotation_deg, z_index, card_count) values
  ('44444444-4444-4444-8444-444444444444', 1, 'The Significator', 'The heart of the matter / the querent.', 1, 0.32, 0.5, 0, 0, 1),
  ('44444444-4444-4444-8444-444444444444', 2, 'What Crosses You', 'The opposing or complicating force.', 2, 0.32, 0.5, 90, 1, 1),
  ('44444444-4444-4444-8444-444444444444', 3, 'Past Influences', 'Recent past feeding the situation.', 3, 0.32, 0.74, 0, 0, 1),
  ('44444444-4444-4444-8444-444444444444', 4, 'Major Influences', 'What is consciously in mind / above.', 4, 0.32, 0.26, 0, 0, 1),
  ('44444444-4444-4444-8444-444444444444', 5, 'Receding Influences', 'What is passing away / behind.', 5, 0.14, 0.5, 0, 0, 1),
  ('44444444-4444-4444-8444-444444444444', 6, 'The Immediate Future', 'What is approaching.', 6, 0.5, 0.5, 0, 0, 1),
  ('44444444-4444-4444-8444-444444444444', 7, 'Self', 'Your stance / attitude.', 7, 0.78, 0.8, 0, 0, 1),
  ('44444444-4444-4444-8444-444444444444', 8, 'Environment', 'Others and outside influences.', 8, 0.78, 0.6, 0, 0, 1),
  ('44444444-4444-4444-8444-444444444444', 9, 'Hopes & Fears', 'What you hope for and dread.', 9, 0.78, 0.4, 0, 0, 1),
  ('44444444-4444-4444-8444-444444444444', 10, 'The Outcome', 'Where it all tends.', 10, 0.78, 0.2, 0, 0, 1)
on conflict (spread_id, position_index) do update set
  label = excluded.label, meaning = excluded.meaning, reading_order = excluded.reading_order,
  x = excluded.x, y = excluded.y, rotation_deg = excluded.rotation_deg,
  z_index = excluded.z_index, card_count = excluded.card_count;

-- ---- spread: Cross of Kells ----
insert into tarot_spreads (id, name, description, owner_id, is_public, is_builtin)
values ('55555555-5555-4555-8555-555555555555', 'Cross of Kells', 'Extended Celtic Cross (Janet Farrar). 12 positions; positions 7–10 hold two cards each (16 cards).', null, true, true)
on conflict (id) do update set
  name = excluded.name, description = excluded.description,
  is_public = excluded.is_public, is_builtin = excluded.is_builtin;

insert into tarot_spread_positions
  (spread_id, position_index, label, meaning, reading_order, x, y, rotation_deg, z_index, card_count) values
  ('55555555-5555-4555-8555-555555555555', 1, 'The Significator', 'The heart of the matter / the querent.', 1, 0.3, 0.5, 0, 0, 1),
  ('55555555-5555-4555-8555-555555555555', 2, 'What Crosses You', 'The opposing or complicating force.', 2, 0.3, 0.5, 90, 1, 1),
  ('55555555-5555-4555-8555-555555555555', 3, 'Past Influences', 'Recent past feeding the situation.', 3, 0.3, 0.74, 0, 0, 1),
  ('55555555-5555-4555-8555-555555555555', 4, 'Receding Influences', 'What is passing away.', 4, 0.16, 0.5, 0, 0, 1),
  ('55555555-5555-4555-8555-555555555555', 5, 'Major Influences', 'The larger forces at play.', 5, 0.3, 0.26, 0, 0, 1),
  ('55555555-5555-4555-8555-555555555555', 6, 'The Immediate Future', 'What is approaching.', 6, 0.44, 0.5, 0, 0, 1),
  ('55555555-5555-4555-8555-555555555555', 7, 'How to Move Forward', 'Two cards read together: the way ahead — facets, pros/cons, or synergy.', 7, 0.66, 0.2, 0, 0, 2),
  ('55555555-5555-4555-8555-555555555555', 8, 'Dangers & Pitfalls', 'Two cards read together: what to watch for.', 8, 0.66, 0.4, 0, 0, 2),
  ('55555555-5555-4555-8555-555555555555', 9, 'Home & Family', 'Two cards read together: the domestic / relational sphere.', 9, 0.66, 0.6, 0, 0, 2),
  ('55555555-5555-4555-8555-555555555555', 10, 'The Immediate Outcome', 'Two cards read together: where it tends near-term.', 10, 0.66, 0.8, 0, 0, 2),
  ('55555555-5555-4555-8555-555555555555', 11, 'Overall Picture', 'The broad shape of the life right now.', 11, 0.04, 0.32, 0, 0, 1),
  ('55555555-5555-4555-8555-555555555555', 12, 'The Life Card', 'The long-term / life-level outcome.', 12, 0.04, 0.68, 0, 0, 1)
on conflict (spread_id, position_index) do update set
  label = excluded.label, meaning = excluded.meaning, reading_order = excluded.reading_order,
  x = excluded.x, y = excluded.y, rotation_deg = excluded.rotation_deg,
  z_index = excluded.z_index, card_count = excluded.card_count;

-- ---- AI scaffolding ----
insert into tarot_principles (category, key, title, body, sort_order) values
  ('arcana', 'major', 'Major Arcana', 'Majors point to larger life themes and forces at play. A reading heavy in Majors suggests the matter feels significant.', 1),
  ('arcana', 'minor', 'Minor Arcana', 'Minors speak to everyday, situational texture rather than grand themes.', 2),
  ('suit', 'wands', 'Wands — Fire', 'Drive, action, will, creativity, momentum.', 3),
  ('suit', 'cups', 'Cups — Water', 'Emotion, relationship, intuition, connection.', 4),
  ('suit', 'swords', 'Swords — Air', 'Thought, conflict, clarity, communication.', 5),
  ('suit', 'pentacles', 'Pentacles — Earth', 'Work, body, money, the material and practical.', 6),
  ('court', 'page', 'Page', 'Learner / messenger — new energy, curiosity, a beginning.', 7),
  ('court', 'knight', 'Knight', 'Active pursuit — movement, drive, sometimes excess.', 8),
  ('court', 'queen', 'Queen', 'Inward mastery — holding the suit with depth and care.', 9),
  ('court', 'king', 'King', 'Outward authority — directing the suit in the world.', 10),
  ('numerology', 'arc', 'Numerology Arc', 'Aces = seed/potential; middle numbers = development and friction; tens = culmination.', 11),
  ('reversal', 'reversed', 'Reversals', 'Read as blocked, internalized, diminished, or in-process expressions of the upright meaning — not simple opposites.', 12),
  ('dignity', 'adjacent', 'Connections / Elemental Dignities', 'Note where adjacent cards reinforce or tension each other (e.g. fire + water); surface combinations rather than reading each card alone. This is the most valuable layer.', 13)
on conflict (category, key) do update set
  title = excluded.title, body = excluded.body, sort_order = excluded.sort_order;

commit;
